<?xml version="1.0" encoding="UTF-8"?>
<!--
	2017-11-30T12:00:00Z Patrick Heijma - pheijma@libertyglobal.com 
	Formalized as LibertyGlobal CS, removing the following entry from the orignal CS maintaned by SeaChange:
         <Import xmlns="urn:tva:mpeg7:2008" href="urn:eventis:metadata:cs:HowRelatedCS:2010" />.
-->
<ClassificationScheme uri="urn:eventis:metadata:cs:LogoTypeCS:2010">
	<Term xmlns="urn:tva:mpeg7:2008" termID="default">
		<Name xml:lang="en">Default</Name>
		<Definition xml:lang="en">Default logo</Definition>
	</Term>
	<Term xmlns="urn:tva:mpeg7:2008" termID="nonfocused">
		<Name xml:lang="en">Non focused</Name>
		<Definition xml:lang="en">Normal size non focused logo</Definition>
	</Term>
	<Term xmlns="urn:tva:mpeg7:2008" termID="focused">
		<Name xml:lang="en">Focused</Name>
		<Definition xml:lang="en">Normal size focused logo</Definition>
	</Term>
</ClassificationScheme>
