<?xml version="1.0" encoding="UTF-8"?>
<!--
	2017-06-xxT12:00:00Z Patrick Heijma - pheijma@libertyglobal.com 
	Updated to reflect updates in RenderinghHints document, revision 3.14, including category images.

	2017-07-03T12:00:00Z Patrick Heijma - pheijma@libertyglobal.com 
	Updated to reflect updates in RenderinghHints document, revision 3.15, including 'HighResLandscapeProductionStill'.

	2017-09-13T12:00:00Z Patrick Heijma - pheijma@libertyglobal.com 
	Updated to include additional images for 'TitleTreatment' and 'HighResLandscapeShowcard'.

	2017-10-2312:00:00Z Toine Schoonis - toschoonis.contractor@libertyglobal.com
	Added TermId=poster and TermID=boxCover so Prodis will pass these through.

	2017-11-07T12:00:00Z Patrick Heijma - pheijma@libertyglobal.com
	Updated to include additional images for 'ProductLogo'.

	2018-01-29T12:00:00Z Patrick Heijma - pheijma@libertyglobal.com
	Updated to reflect updates in RenderinghHints document, revision 3.18, including 'aspotTitleTreatment' and 'aspotHighResLandscape'.

	2018-02-19T12:00:00Z Patrick Heijma - pheijma@libertyglobal.com
	Added TermId=channelBackground as additional image qualifier for channel branding.

	2018-07-12T12:00:00Z Patrick Heijma - pheijma@libertyglobal.com
	Added TermId=ProviderLogo as additional image qualifier for content

-->
        <ClassificationScheme uri="urn:schange:metadata:cs:DynamicHowRelatedCS:2012" xmlns="urn:tva:metadata:2010">
            <Term xmlns="urn:tva:mpeg7:2008" termID="HighResLandscape">
                <Name xml:lang="en">Wallpaper</Name>
                <Definition xml:lang="en">High Res Landscape</Definition>
            </Term>
            <Term xmlns="urn:tva:mpeg7:2008" termID="HighResPortrait">
                <Name xml:lang="en">Still</Name>
                <Definition xml:lang="en">High Res Portrait</Definition>
            </Term>
            <Term xmlns="urn:tva:mpeg7:2008" termID="HighResLandscapeProductionStill">
                <Name xml:lang="en">Production Still</Name>
                <Definition xml:lang="en">High Res Landscape Production Still</Definition>
            </Term>
            <Term xmlns="urn:tva:mpeg7:2008" termID="HighResLandscapeShowcard">
                <Name xml:lang="en">Showcard</Name>
                <Definition xml:lang="en">High Res Landscape Showcard</Definition>
            </Term>
            <Term xmlns="urn:tva:mpeg7:2008" termID="aspotHighResLandscape">
                <Name xml:lang="en">A-Spot Wallpaper</Name>
                <Definition xml:lang="en">A-Spot High Res Landscape</Definition>
            </Term>
            <Term xmlns="urn:tva:mpeg7:2008" termID="TitleTreatment">
                <Name xml:lang="en">Title Treatment</Name>
                <Definition xml:lang="en">High Res Title Treatment</Definition>
            </Term>
            <Term xmlns="urn:tva:mpeg7:2008" termID="aspotTitleTreatment">
                <Name xml:lang="en">A-Spot Title Treatment</Name>
                <Definition xml:lang="en">A-Spot High Res Title Treatment</Definition>
            </Term>
            <Term xmlns="urn:tva:mpeg7:2008" termID="categoryBoxCover">
                <Name xml:lang="en">Category BoxCover</Name>
                <Definition xml:lang="en">Category BoxCover</Definition>
            </Term>
            <Term xmlns="urn:tva:mpeg7:2008" termID="categoryBackground">
                <Name xml:lang="en">Category Background</Name>
                <Definition xml:lang="en">Category Background</Definition>
            </Term>
           <Term xmlns="urn:tva:mpeg7:2008" termID="categoryLogo">
                <Name xml:lang="en">Category Logo</Name>
                <Definition xml:lang="en">Category Logo</Definition>
            </Term>
            <Term xmlns="urn:tva:mpeg7:2008" termID="categoryLogoSmall">
                <Name xml:lang="en">Category Logo Small</Name>
                <Definition xml:lang="en">Category Logo Small</Definition>
            </Term>
            <Term xmlns="urn:tva:mpeg7:2008" termID="ProductLogo">
                <Name xml:lang="en">Product Logo</Name>
                <Definition xml:lang="en">Product Logo</Definition>
            </Term>
            <Term xmlns="urn:tva:mpeg7:2008" termID="ProviderLogo">
                <Name xml:lang="en">Provoder Logo</Name>
                <Definition xml:lang="en">Provider Logo</Definition>
            </Term>
            <Term xmlns="urn:tva:mpeg7:2008" termID="channelBackground">
                <Name xml:lang="en">Channel Background</Name>
                <Definition xml:lang="en">Channel Background</Definition>
            </Term>
            <Term xmlns="urn:tva:mpeg7:2008" termID="ScreenGrab1">
                <Name xml:lang="en">Screen Grab Image 1</Name>
                <Definition xml:lang="en">Screen Grab Image 1</Definition>
            </Term>			
            <Term xmlns="urn:tva:mpeg7:2008" termID="ScreenGrab2">
                <Name xml:lang="en">Screen Grab Image 2</Name>
                <Definition xml:lang="en">Screen Grab Image 2</Definition>
            </Term>
            <Term xmlns="urn:tva:mpeg7:2008" termID="ScreenGrab3">
                <Name xml:lang="en">Screen Grab Image 3</Name>
                <Definition xml:lang="en">Screen Grab Image 3</Definition>
            </Term>
            <Term xmlns="urn:tva:mpeg7:2008" termID="boxCover">
                <Name xml:lang="en">boxCover</Name>
                <Definition xml:lang="en">boxCover</Definition>
            </Term>
            <Term xmlns="urn:tva:mpeg7:2008" termID="poster">
                <Name xml:lang="en">poster</Name>
                <Definition xml:lang="en">poster</Definition>
            </Term>
        </ClassificationScheme>