<?xml version="1.0" encoding="UTF-8"?>
<!--
	2018-08-07T12:00:00Z Toine Schoonis - toschoonis.contractor@libertyglobal.com 
	Created first version of CS, based on list from Piksel.
-->
        <ClassificationScheme uri="urn:libertyglobal:metadata:cs:OfflineViewingCS:2012" xmlns="urn:tva:metadata:2010">
            <Term xmlns="urn:tva:mpeg7:2008" termID="MaxDownloadsPerAsset">
                <Name xml:lang="en">maxDownloadsPerAsset</Name>
                <Definition xml:lang="en">maxDownloadsPerAsset</Definition>
            </Term>
            <Term xmlns="urn:tva:mpeg7:2008" termID="DownloadPeriod">
                <Name xml:lang="en">DownloadPeriod</Name>
                <Definition xml:lang="en">DownloadPeriod</Definition>
            </Term>
            <Term xmlns="urn:tva:mpeg7:2008" termID="ExpiryAfterPlay">
                <Name xml:lang="en">ExpiryAfterPlay</Name>
                <Definition xml:lang="en">ExpiryAfterPlay</Definition>
            </Term>
        </ClassificationScheme>