<?xml version="1.0" encoding="UTF-8"?>
<!--
	2017-11-16T12:00:00Z Patrick Heijma - pheijma@libertyglobal.com 
	Initial version.

	2017-12-15T12:00:00Z Patrick Heijma - pheijma@libertyglobal.com 
	Updated to include multi-lingual toastermessage support. Toaster-image not multi-lingual. 

	2017-12-20T12:00:00Z Patrick Heijma - pheijma@libertyglobal.com
	Updated temsIDs, removed 'appid' and removed hyphen in termID strings.

	2018-02-19T12:00:00Z Patrick Heijma - pheijma@libertyglobal.com
	Added missing temrID 'repeat'.

	2018-04-11T12:00:00Z Patrick Heijma - pheijma@libertyglobal.com
	Updated to include terms for MySports app: 'deeplinkfordaypass' and 'promotionalimage'

	2018-06-06T12:00:00Z Patrick Heijma - pheijma@libertyglobal.com
	Updated to include terms for channel info panel app: 'applogo', 'posterlogo' and multi-lingual synopsis.

	2018-09-21T12:00:00Z Patrick Heijma - pheijma@libertyglobal.com
	Updated to include terms for deeplink to external Replay app: 'replayAppId' and 'replayAppChannelId'

Languages
         dut|nld|nl|Dutch; Flemish|néerlandais; flamand
         eng|eng|en|English|anglais
         gle|gle|ga|Irish|irlandais
         ger|deu|de|German|allemand
         fre|fra|fr|French|français
         ita|ita|it|Italian|italien
         spa|spa|es|Spanish; Castilian|espagnol; castillan
         pol|pol|pl|Polish|polonais
         hun|hun|hu|Hungarian|hongrois
         cze|ces|cs|Czech|tchèque
         slo|slk|sk|Slovak|slovaque
         rum|ron|ro|Romanian; Moldavian; Moldovan|roumain; moldave
         tur|tur|tr|Turkish|turc

-->
        <ClassificationScheme uri="urn:libertyglobal:metadata:cs:AppCS:2017" xmlns="urn:tva:metadata:2010">
            <Term xmlns="urn:tva:mpeg7:2008" termID="deeplink">
                <Name xml:lang="en">Deeplink</Name>
                <Definition xml:lang="en">The link to be able to 'deep-link' into a particular section of the application.</Definition>
            </Term>
            <Term xmlns="urn:tva:mpeg7:2008" termID="deeplinkfordaypass">
                <Name xml:lang="en">Deeplink for DayPass</Name>
                <Definition xml:lang="en">The link to be able to 'deep-link' into a particular section of the daypass application.</Definition>
            </Term>
            <Term xmlns="urn:tva:mpeg7:2008" termID="trigger">
                <Name xml:lang="en">Trigger</Name>
                <Definition xml:lang="en">The trigger to start the application.</Definition>
            </Term>
            <Term xmlns="urn:tva:mpeg7:2008" termID="toastermessage">
                <Name xml:lang="en">Toaster Message</Name>
                <Definition xml:lang="en">Multi-lingual text of the "toaster"-message that will be shown to the user.</Definition>
                    <Term xmlns="urn:tva:mpeg7:2008" termID="toastermessage.nl">
                        <Name xml:lang="en">Toaster Message NL</Name>
                        <Definition xml:lang="en">Text of the "toaster"-message that will be shown to the user in Dutch.</Definition>
                    </Term>
                    <Term xmlns="urn:tva:mpeg7:2008" termID="toastermessage.en">
                        <Name xml:lang="en">Toaster Message EN</Name>
                        <Definition xml:lang="en">Text of the "toaster"-message that will be shown to the user in English.</Definition>
                    </Term>
                    <Term xmlns="urn:tva:mpeg7:2008" termID="toastermessage.ga">
                        <Name xml:lang="en">Toaster Message GA</Name>
                        <Definition xml:lang="en">Text of the "toaster"-message that will be shown to the user in Irish.</Definition>
                    </Term>
                    <Term xmlns="urn:tva:mpeg7:2008" termID="toastermessage.de">
                        <Name xml:lang="en">Toaster Message DE</Name>
                        <Definition xml:lang="en">Text of the "toaster"-message that will be shown to the user in German.</Definition>
                    </Term>
                    <Term xmlns="urn:tva:mpeg7:2008" termID="toastermessage.fr">
                        <Name xml:lang="en">Toaster Message FR</Name>
                        <Definition xml:lang="en">Text of the "toaster"-message that will be shown to the user in French.</Definition>
                    </Term>
                    <Term xmlns="urn:tva:mpeg7:2008" termID="toastermessage.it">
                        <Name xml:lang="en">Toaster Message IT</Name>
                        <Definition xml:lang="en">Text of the "toaster"-message that will be shown to the user in Italian.</Definition>
                    </Term>
                    <Term xmlns="urn:tva:mpeg7:2008" termID="toastermessage.es">
                        <Name xml:lang="en">Toaster Message ES</Name>
                        <Definition xml:lang="en">Text of the "toaster"-message that will be shown to the user in Spanish.</Definition>
                    </Term>
                    <Term xmlns="urn:tva:mpeg7:2008" termID="toastermessage.pl">
                        <Name xml:lang="en">Toaster Message PL</Name>
                        <Definition xml:lang="en">Text of the "toaster"-message that will be shown to the user in Polish.</Definition>
                    </Term>
                    <Term xmlns="urn:tva:mpeg7:2008" termID="toastermessage.hu">
                        <Name xml:lang="en">Toaster Message HU</Name>
                        <Definition xml:lang="en">Text of the "toaster"-message that will be shown to the user in Hungarian.</Definition>
                    </Term>
                    <Term xmlns="urn:tva:mpeg7:2008" termID="toastermessage.cz">
                        <Name xml:lang="en">Toaster Message CZ</Name>
                        <Definition xml:lang="en">Text of the "toaster"-message that will be shown to the user in Czech.</Definition>
                    </Term>
                    <Term xmlns="urn:tva:mpeg7:2008" termID="toastermessage.sk">
                        <Name xml:lang="en">Toaster Message SK</Name>
                        <Definition xml:lang="en">Text of the "toaster"-message that will be shown to the user in Slovak.</Definition>
                    </Term>
                    <Term xmlns="urn:tva:mpeg7:2008" termID="toastermessage.ro">
                        <Name xml:lang="en">Toaster Message RO</Name>
                        <Definition xml:lang="en">Text of the "toaster"-message that will be shown to the user in Romanian.</Definition>
                    </Term>
                    <Term xmlns="urn:tva:mpeg7:2008" termID="toastermessage.tr">
                        <Name xml:lang="en">Toaster Message TR</Name>
                        <Definition xml:lang="en">Text of the "toaster"-message that will be shown to the user in Turkish.</Definition>
                    </Term>
            </Term>
            <Term xmlns="urn:tva:mpeg7:2008" termID="toasterimage">
                <Name xml:lang="en">Toaster Image</Name>
                <Definition xml:lang="en">Image URL of the "toaster"-image that will be shown to the user.</Definition>
            </Term>
            <Term xmlns="urn:tva:mpeg7:2008" termID="promotionalimage">
                <Name xml:lang="en">Promotional Image</Name>
                <Definition xml:lang="en">Image URL of the promotional background image that will be shown to the user when user tunes to an unsubscribed MySports channel.</Definition>
            </Term>
            <Term xmlns="urn:tva:mpeg7:2008" termID="delay">
                <Name xml:lang="en">Delay</Name>
                <Definition xml:lang="en">The time between tuning to a channel and showing the toastermessage.</Definition>
            </Term>
            <Term xmlns="urn:tva:mpeg7:2008" termID="displaytime">
                <Name xml:lang="en">Display Time</Name>
                <Definition xml:lang="en">Time a toastermessage should be shown on the screen.</Definition>
            </Term>
            <Term xmlns="urn:tva:mpeg7:2008" termID="repeat">
                <Name xml:lang="en">Repeat</Name>
                <Definition xml:lang="en">Amount of times a "toastermessage" should be repeated.</Definition>
            </Term>
            <Term xmlns="urn:tva:mpeg7:2008" termID="interval">
                <Name xml:lang="en">Interval</Name>
                <Definition xml:lang="en">The interval between two subsequent "toatser"-messages.</Definition>
            </Term>
            <Term xmlns="urn:tva:mpeg7:2008" termID="channelbound">
                <Name xml:lang="en">Channel Bound</Name>
                <Definition xml:lang="en">List of channel-ids the application is bound to.</Definition>
            </Term>
            <Term xmlns="urn:tva:mpeg7:2008" termID="allowedoverlayapps">
                <Name xml:lang="en">Allowed Overlay Apps</Name>
                <Definition xml:lang="en">List of applications that are allowed as overlay over the channel.</Definition>
            </Term>
            <Term xmlns="urn:tva:mpeg7:2008" termID="applogo">
                <Name xml:lang="en">App Logo</Name>
                <Definition xml:lang="en">The picture displayed when tuned to the channel for the period (delay) until the app is launched.</Definition>
            </Term>
            <Term xmlns="urn:tva:mpeg7:2008" termID="posterlogo">
                <Name xml:lang="en">Poster Logo</Name>
                <Definition xml:lang="en">The picture displayed in the Info Panel as channel related Poster.</Definition>
            </Term>
            <Term xmlns="urn:tva:mpeg7:2008" termID="synopsis">
                <Name xml:lang="en">Synopsis</Name>
                <Definition xml:lang="en">Multi-lingual text of the synopsis displayed in the Info Panel to the user.</Definition>
                    <Term xmlns="urn:tva:mpeg7:2008" termID="synopsis.nl">
                        <Name xml:lang="en">Synopsis NL</Name>
                        <Definition xml:lang="en">Text of the synopsis that will be shown to the user in Dutch.</Definition>
                    </Term>
                    <Term xmlns="urn:tva:mpeg7:2008" termID="synopsis.en">
                        <Name xml:lang="en">Synopsis EN</Name>
                        <Definition xml:lang="en">Text of the synopsis that will be shown to the user in English.</Definition>
                    </Term>
                    <Term xmlns="urn:tva:mpeg7:2008" termID="synopsis.ga">
                        <Name xml:lang="en">Synopsis GA</Name>
                        <Definition xml:lang="en">Text of the synopsis that will be shown to the user in Irish.</Definition>
                    </Term>
                    <Term xmlns="urn:tva:mpeg7:2008" termID="synopsis.de">
                        <Name xml:lang="en">Synopsis DE</Name>
                        <Definition xml:lang="en">Text of the synopsis that will be shown to the user in German.</Definition>
                    </Term>
                    <Term xmlns="urn:tva:mpeg7:2008" termID="synopsis.fr">
                        <Name xml:lang="en">Synopsis FR</Name>
                        <Definition xml:lang="en">Text of the synopsis that will be shown to the user in French.</Definition>
                    </Term>
                    <Term xmlns="urn:tva:mpeg7:2008" termID="synopsis.it">
                        <Name xml:lang="en">Synopsis IT</Name>
                        <Definition xml:lang="en">Text of the synopsis that will be shown to the user in Italian.</Definition>
                    </Term>
                    <Term xmlns="urn:tva:mpeg7:2008" termID="synopsis.es">
                        <Name xml:lang="en">Synopsis ES</Name>
                        <Definition xml:lang="en">Text of the synopsis that will be shown to the user in Spanish.</Definition>
                    </Term>
                    <Term xmlns="urn:tva:mpeg7:2008" termID="synopsis.pl">
                        <Name xml:lang="en">Synopsis PL</Name>
                        <Definition xml:lang="en">Text of the synopsis that will be shown to the user in Polish.</Definition>
                    </Term>
                    <Term xmlns="urn:tva:mpeg7:2008" termID="synopsis.hu">
                        <Name xml:lang="en">Synopsis HU</Name>
                        <Definition xml:lang="en">Text of the synopsis that will be shown to the user in Hungarian.</Definition>
                    </Term>
                    <Term xmlns="urn:tva:mpeg7:2008" termID="synopsis.cz">
                        <Name xml:lang="en">Synopsis CZ</Name>
                        <Definition xml:lang="en">Text of the synopsis that will be shown to the user in Czech.</Definition>
                    </Term>
                    <Term xmlns="urn:tva:mpeg7:2008" termID="synopsis.sk">
                        <Name xml:lang="en">Synopsis SK</Name>
                        <Definition xml:lang="en">Text of the synopsis that will be shown to the user in Slovak.</Definition>
                    </Term>
                    <Term xmlns="urn:tva:mpeg7:2008" termID="synopsis.ro">
                        <Name xml:lang="en">Synopsis RO</Name>
                        <Definition xml:lang="en">Text of the synopsis that will be shown to the user in Romanian.</Definition>
                    </Term>
                    <Term xmlns="urn:tva:mpeg7:2008" termID="synopsis.tr">
                        <Name xml:lang="en">Synopsis TR</Name>
                        <Definition xml:lang="en">Text of the synopsis that will be shown to the user in Turkish.</Definition>
                    </Term>
            </Term>
            <Term xmlns="urn:tva:mpeg7:2008" termID="replayappid">
                <Name xml:lang="en">Replay App ID</Name>
                <Definition xml:lang="en">This the id of the APP used for Startover and/or Catchup TV.</Definition>
            </Term>
            <Term xmlns="urn:tva:mpeg7:2008" termID="replayappchannelid">
                <Name xml:lang="en">Replay App Channel ID</Name>
                <Definition xml:lang="en">This is the channel specific reference ID used to initiate playout from the start of the event currently being broadcasted.</Definition>
            </Term>
        </ClassificationScheme>