<?xml version="1.0" encoding="utf-8"?>
<!--
	(c) 2017; All rights reserved by Liberty Global UK plc; Schiphol-Rijk
	- Created first version on 2017-02-08. Current list of Soft Links  properties are based on the Dawn HZN 4 doc, v3.11

	2017-05-04T18:05:00Z Patrick Heijma - pheijma@libertyglobal.com 
	Updated to reflect updates in RenderingHints document, revision 3.13.

	2017-06-xx Patrick Heijma - pheijma@libertyglobal.com 
	Updated to reflect updates in RenderingHints documennt, revision 3.14.

	2017-07-03T12:00:00Z Patrick Heijma - pheijma@libertyglobal.com 
	Updated to reflect addition of ScreenContent in RenderingHints document, revision 3.15. Dawn references removed.

	2017-11-09T12:00:00Z Patrick Heijma - pheijma@libertyglobal.com 
	Updated to reflect updates in RenderingHints document, revision 3.16.

	2018-02-13T12:00:00Z Patrick Heijma - pheijma@libertyglobal.com 
	Updated to reflect updates in RenderingHints document, revision 3.18.1.

	2018-08-07T12:00:00Z Toine Schoonis - toschoonis.contractor@libertyglobal.com 
	Updated to reflect updates in RenderingHints document, revision 3.18.4.

-->
      <ClassificationScheme uri="urn:schange:metadata:cs:SoftLinkQualifierCS:2013" xmlns="urn:tva:metadata:2010">
        <Term termID="SourceContentFrom" xmlns="urn:tva:mpeg7:2008">
          <Name>Is source content from</Name>
          <Description>To indicate which other category should be used as the pool of content to generate recommendations from</Description>
        </Term>
        <Term termID="GenreCategoryLink" xmlns="urn:tva:mpeg7:2008">
          <Name>Is genre category link</Name>
          <Description>Soft link to a category that represents a genre in the list of genres presented in the UI</Description>
        </Term>
        <Term termID="omw_hzn4_vod" xmlns="urn:tva:mpeg7:2008">
          <Name>Is omw hzn4 vod</Name>
          <Description>Soft-link from root category to Horizon 4 VOD section</Description>
        </Term>
        <Term termID="omw_basic_fr" xmlns="urn:tva:mpeg7:2008">
          <Name>Is omw basic fr</Name>
          <Description>HZN4 UI entry to Basic French VoD catalogue</Description>
        </Term>
        <Term termID="omw_basic_nl" xmlns="urn:tva:mpeg7:2008">
          <Name>Is omw basic nl</Name>
          <Description>HZN4 UI entry to Basic Dutch VoD catalogue</Description>
        </Term>
        <Term termID="omw_basic_en" xmlns="urn:tva:mpeg7:2008">
          <Name>Is omw basic en</Name>
          <Description>HZN4 UI entry to Basic English VoD catalogue</Description>
        </Term>
        <Term termID="omw_basic_it" xmlns="urn:tva:mpeg7:2008">
          <Name>Is omw basic it</Name>
          <Description>HZN4 UI entry to Basic Italian VoD catalogue</Description>
        </Term>
        <Term termID="omw_basic_de" xmlns="urn:tva:mpeg7:2008">
          <Name>Is omw basic de</Name>
          <Description>HZN4 UI entry to Basic German VoD catalogue</Description>
        </Term>
        <Term termID="omw_play_fr" xmlns="urn:tva:mpeg7:2008">
          <Name>Is omw play fr</Name>
          <Description>HZN4 UI entry to Play French VoD catalogue</Description>
        </Term>
        <Term termID="omw_play_nl" xmlns="urn:tva:mpeg7:2008">
          <Name>Is omw play nl</Name>
          <Description>HZN4 UI entry to Play Dutch VoD catalogue</Description>
        </Term>
        <Term termID="omw_play_en" xmlns="urn:tva:mpeg7:2008">
          <Name>Is omw play en</Name>
          <Description>HZN4 UI entry to Play English VoD catalogue</Description>
        </Term> 
        <Term termID="omw_play_it" xmlns="urn:tva:mpeg7:2008">
          <Name>Is omw play it</Name>
          <Description>HZN4 UI entry to Play Italian VoD catalogue</Description>
        </Term>
        <Term termID="omw_play_de" xmlns="urn:tva:mpeg7:2008">
          <Name>Is omw play de</Name>
          <Description>HZN4 UI entry to Play German VoD catalogue</Description>
        </Term> 
        <Term termID="omw_playmore_fr" xmlns="urn:tva:mpeg7:2008">
          <Name>Is omw playmore fr</Name>
          <Description>HZN4 UI entry to Play French VoD catalogue</Description>
        </Term>
        <Term termID="omw_playmore_nl" xmlns="urn:tva:mpeg7:2008">
          <Name>Is omw playmore nl</Name>
          <Description>HZN4 UI entry to Play Dutch VoD catalogue</Description>
        </Term>
        <Term termID="omw_playmore_en" xmlns="urn:tva:mpeg7:2008">
          <Name>Is omw playmore en</Name>
          <Description>HZN4 UI entry to Play English VoD catalogue</Description>
        </Term> 
        <Term termID="omw_playmore_it" xmlns="urn:tva:mpeg7:2008">
          <Name>Is omw playmore it</Name>
          <Description>HZN4 UI entry to Play Italian VoD catalogue</Description>
        </Term>
        <Term termID="omw_playmore_de" xmlns="urn:tva:mpeg7:2008">
          <Name>Is omw playmore de</Name>
          <Description>HZN4 UI entry to Play German VoD catalogue</Description>
        </Term>
        <Term termID="omw_staging_fr" xmlns="urn:tva:mpeg7:2008">
          <Name>Is omw staging fr</Name>
          <Description>HZN4 UI configuration for French staging VOD Store</Description>
        </Term> 
        <Term termID="omw_staging_nl" xmlns="urn:tva:mpeg7:2008">
          <Name>Is omw staging nl</Name>
          <Description>HZN4 UI configuration for Dutch staging VOD Store</Description>
        </Term> 
        <Term termID="omw_staging_en" xmlns="urn:tva:mpeg7:2008">
          <Name>Is omw staging en</Name>
          <Description>HZN4 UI configuration for English staging VOD Store</Description>
        </Term> 
        <Term termID="omw_staging_it" xmlns="urn:tva:mpeg7:2008">
          <Name>Is omw staging it</Name>
          <Description>HZN4 UI configuration for Italian staging VOD Store</Description>
        </Term>
        <Term termID="omw_staging_de" xmlns="urn:tva:mpeg7:2008">
          <Name>Is omw staging de</Name>
          <Description>HZN4 UI configuration for German staging VOD Store</Description>
        </Term>
      </ClassificationScheme>
